n_start,step,value,nu2,delta_nu2
1,0,1,0,
2,0,2,1,
2,1,1,0,-1.0
3,0,3,0,
3,1,10,1,1.0
3,2,5,0,-1.0
3,3,16,4,4.0
3,4,8,3,-1.0
3,5,4,2,-1.0
3,6,2,1,-1.0
3,7,1,0,-1.0
4,0,4,2,
4,1,2,1,-1.0
4,2,1,0,-1.0
5,0,5,0,
5,1,16,4,4.0
5,2,8,3,-1.0
5,3,4,2,-1.0
5,4,2,1,-1.0
5,5,1,0,-1.0
6,0,6,1,
6,1,3,0,-1.0
6,2,10,1,1.0
6,3,5,0,-1.0
6,4,16,4,4.0
6,5,8,3,-1.0
6,6,4,2,-1.0
6,7,2,1,-1.0
6,8,1,0,-1.0
7,0,7,0,
7,1,22,1,1.0
7,2,11,0,-1.0
7,3,34,1,1.0
7,4,17,0,-1.0
7,5,52,2,2.0
7,6,26,1,-1.0
7,7,13,0,-1.0
7,8,40,3,3.0
7,9,20,2,-1.0
7,10,10,1,-1.0
7,11,5,0,-1.0
7,12,16,4,4.0
7,13,8,3,-1.0
7,14,4,2,-1.0
7,15,2,1,-1.0
7,16,1,0,-1.0
8,0,8,3,
8,1,4,2,-1.0
8,2,2,1,-1.0
8,3,1,0,-1.0
9,0,9,0,
9,1,28,2,2.0
9,2,14,1,-1.0
9,3,7,0,-1.0
9,4,22,1,1.0
9,5,11,0,-1.0
9,6,34,1,1.0
9,7,17,0,-1.0
9,8,52,2,2.0
9,9,26,1,-1.0
9,10,13,0,-1.0
9,11,40,3,3.0
9,12,20,2,-1.0
9,13,10,1,-1.0
9,14,5,0,-1.0
9,15,16,4,4.0
9,16,8,3,-1.0
9,17,4,2,-1.0
9,18,2,1,-1.0
9,19,1,0,-1.0
10,0,10,1,
10,1,5,0,-1.0
10,2,16,4,4.0
10,3,8,3,-1.0
10,4,4,2,-1.0
10,5,2,1,-1.0
10,6,1,0,-1.0
11,0,11,0,
11,1,34,1,1.0
11,2,17,0,-1.0
11,3,52,2,2.0
11,4,26,1,-1.0
11,5,13,0,-1.0
11,6,40,3,3.0
11,7,20,2,-1.0
11,8,10,1,-1.0
11,9,5,0,-1.0
11,10,16,4,4.0
11,11,8,3,-1.0
11,12,4,2,-1.0
11,13,2,1,-1.0
11,14,1,0,-1.0
12,0,12,2,
12,1,6,1,-1.0
12,2,3,0,-1.0
12,3,10,1,1.0
12,4,5,0,-1.0
12,5,16,4,4.0
12,6,8,3,-1.0
12,7,4,2,-1.0
12,8,2,1,-1.0
12,9,1,0,-1.0
13,0,13,0,
13,1,40,3,3.0
13,2,20,2,-1.0
13,3,10,1,-1.0
13,4,5,0,-1.0
13,5,16,4,4.0
13,6,8,3,-1.0
13,7,4,2,-1.0
13,8,2,1,-1.0
13,9,1,0,-1.0
14,0,14,1,
14,1,7,0,-1.0
14,2,22,1,1.0
14,3,11,0,-1.0
14,4,34,1,1.0
14,5,17,0,-1.0
14,6,52,2,2.0
14,7,26,1,-1.0
14,8,13,0,-1.0
14,9,40,3,3.0
14,10,20,2,-1.0
14,11,10,1,-1.0
14,12,5,0,-1.0
14,13,16,4,4.0
14,14,8,3,-1.0
14,15,4,2,-1.0
14,16,2,1,-1.0
14,17,1,0,-1.0
15,0,15,0,
15,1,46,1,1.0
15,2,23,0,-1.0
15,3,70,1,1.0
15,4,35,0,-1.0
15,5,106,1,1.0
15,6,53,0,-1.0
15,7,160,5,5.0
15,8,80,4,-1.0
15,9,40,3,-1.0
15,10,20,2,-1.0
15,11,10,1,-1.0
15,12,5,0,-1.0
15,13,16,4,4.0
15,14,8,3,-1.0
15,15,4,2,-1.0
15,16,2,1,-1.0
15,17,1,0,-1.0
16,0,16,4,
16,1,8,3,-1.0
16,2,4,2,-1.0
16,3,2,1,-1.0
16,4,1,0,-1.0
17,0,17,0,
17,1,52,2,2.0
17,2,26,1,-1.0
17,3,13,0,-1.0
17,4,40,3,3.0
17,5,20,2,-1.0
17,6,10,1,-1.0
17,7,5,0,-1.0
17,8,16,4,4.0
17,9,8,3,-1.0
17,10,4,2,-1.0
17,11,2,1,-1.0
17,12,1,0,-1.0
18,0,18,1,
18,1,9,0,-1.0
18,2,28,2,2.0
18,3,14,1,-1.0
18,4,7,0,-1.0
18,5,22,1,1.0
18,6,11,0,-1.0
18,7,34,1,1.0
18,8,17,0,-1.0
18,9,52,2,2.0
18,10,26,1,-1.0
18,11,13,0,-1.0
18,12,40,3,3.0
18,13,20,2,-1.0
18,14,10,1,-1.0
18,15,5,0,-1.0
18,16,16,4,4.0
18,17,8,3,-1.0
18,18,4,2,-1.0
18,19,2,1,-1.0
18,20,1,0,-1.0
19,0,19,0,
19,1,58,1,1.0
19,2,29,0,-1.0
19,3,88,3,3.0
19,4,44,2,-1.0
19,5,22,1,-1.0
19,6,11,0,-1.0
19,7,34,1,1.0
19,8,17,0,-1.0
19,9,52,2,2.0
19,10,26,1,-1.0
19,11,13,0,-1.0
19,12,40,3,3.0
19,13,20,2,-1.0
19,14,10,1,-1.0
19,15,5,0,-1.0
19,16,16,4,4.0
19,17,8,3,-1.0
19,18,4,2,-1.0
19,19,2,1,-1.0
19,20,1,0,-1.0
20,0,20,2,
20,1,10,1,-1.0
20,2,5,0,-1.0
20,3,16,4,4.0
20,4,8,3,-1.0
20,5,4,2,-1.0
20,6,2,1,-1.0
20,7,1,0,-1.0
21,0,21,0,
21,1,64,6,6.0
21,2,32,5,-1.0
21,3,16,4,-1.0
21,4,8,3,-1.0
21,5,4,2,-1.0
21,6,2,1,-1.0
21,7,1,0,-1.0
22,0,22,1,
22,1,11,0,-1.0
22,2,34,1,1.0
22,3,17,0,-1.0
22,4,52,2,2.0
22,5,26,1,-1.0
22,6,13,0,-1.0
22,7,40,3,3.0
22,8,20,2,-1.0
22,9,10,1,-1.0
22,10,5,0,-1.0
22,11,16,4,4.0
22,12,8,3,-1.0
22,13,4,2,-1.0
22,14,2,1,-1.0
22,15,1,0,-1.0
23,0,23,0,
23,1,70,1,1.0
23,2,35,0,-1.0
23,3,106,1,1.0
23,4,53,0,-1.0
23,5,160,5,5.0
23,6,80,4,-1.0
23,7,40,3,-1.0
23,8,20,2,-1.0
23,9,10,1,-1.0
23,10,5,0,-1.0
23,11,16,4,4.0
23,12,8,3,-1.0
23,13,4,2,-1.0
23,14,2,1,-1.0
23,15,1,0,-1.0
24,0,24,3,
24,1,12,2,-1.0
24,2,6,1,-1.0
24,3,3,0,-1.0
24,4,10,1,1.0
24,5,5,0,-1.0
24,6,16,4,4.0
24,7,8,3,-1.0
24,8,4,2,-1.0
24,9,2,1,-1.0
24,10,1,0,-1.0
25,0,25,0,
25,1,76,2,2.0
25,2,38,1,-1.0
25,3,19,0,-1.0
25,4,58,1,1.0
25,5,29,0,-1.0
25,6,88,3,3.0
25,7,44,2,-1.0
25,8,22,1,-1.0
25,9,11,0,-1.0
25,10,34,1,1.0
25,11,17,0,-1.0
25,12,52,2,2.0
25,13,26,1,-1.0
25,14,13,0,-1.0
25,15,40,3,3.0
25,16,20,2,-1.0
25,17,10,1,-1.0
25,18,5,0,-1.0
25,19,16,4,4.0
25,20,8,3,-1.0
25,21,4,2,-1.0
25,22,2,1,-1.0
25,23,1,0,-1.0
26,0,26,1,
26,1,13,0,-1.0
26,2,40,3,3.0
26,3,20,2,-1.0
26,4,10,1,-1.0
26,5,5,0,-1.0
26,6,16,4,4.0
26,7,8,3,-1.0
26,8,4,2,-1.0
26,9,2,1,-1.0
26,10,1,0,-1.0
27,0,27,0,
27,1,82,1,1.0
27,2,41,0,-1.0
27,3,124,2,2.0
27,4,62,1,-1.0
27,5,31,0,-1.0
27,6,94,1,1.0
27,7,47,0,-1.0
27,8,142,1,1.0
27,9,71,0,-1.0
27,10,214,1,1.0
27,11,107,0,-1.0
27,12,322,1,1.0
27,13,161,0,-1.0
27,14,484,2,2.0
27,15,242,1,-1.0
27,16,121,0,-1.0
27,17,364,2,2.0
27,18,182,1,-1.0
27,19,91,0,-1.0
27,20,274,1,1.0
27,21,137,0,-1.0
27,22,412,2,2.0
27,23,206,1,-1.0
27,24,103,0,-1.0
27,25,310,1,1.0
27,26,155,0,-1.0
27,27,466,1,1.0
27,28,233,0,-1.0
27,29,700,2,2.0
27,30,350,1,-1.0
27,31,175,0,-1.0
27,32,526,1,1.0
27,33,263,0,-1.0
27,34,790,1,1.0
27,35,395,0,-1.0
27,36,1186,1,1.0
27,37,593,0,-1.0
27,38,1780,2,2.0
27,39,890,1,-1.0
27,40,445,0,-1.0
27,41,1336,3,3.0
27,42,668,2,-1.0
27,43,334,1,-1.0
27,44,167,0,-1.0
27,45,502,1,1.0
27,46,251,0,-1.0
27,47,754,1,1.0
27,48,377,0,-1.0
27,49,1132,2,2.0
27,50,566,1,-1.0
27,51,283,0,-1.0
27,52,850,1,1.0
27,53,425,0,-1.0
27,54,1276,2,2.0
27,55,638,1,-1.0
27,56,319,0,-1.0
27,57,958,1,1.0
27,58,479,0,-1.0
27,59,1438,1,1.0
27,60,719,0,-1.0
27,61,2158,1,1.0
27,62,1079,0,-1.0
27,63,3238,1,1.0
27,64,1619,0,-1.0
27,65,4858,1,1.0
27,66,2429,0,-1.0
27,67,7288,3,3.0
27,68,3644,2,-1.0
27,69,1822,1,-1.0
27,70,911,0,-1.0
27,71,2734,1,1.0
27,72,1367,0,-1.0
27,73,4102,1,1.0
27,74,2051,0,-1.0
27,75,6154,1,1.0
27,76,3077,0,-1.0
27,77,9232,4,4.0
27,78,4616,3,-1.0
27,79,2308,2,-1.0
27,80,1154,1,-1.0
27,81,577,0,-1.0
27,82,1732,2,2.0
27,83,866,1,-1.0
27,84,433,0,-1.0
27,85,1300,2,2.0
27,86,650,1,-1.0
27,87,325,0,-1.0
27,88,976,4,4.0
27,89,488,3,-1.0
27,90,244,2,-1.0
27,91,122,1,-1.0
27,92,61,0,-1.0
27,93,184,3,3.0
27,94,92,2,-1.0
27,95,46,1,-1.0
27,96,23,0,-1.0
27,97,70,1,1.0
27,98,35,0,-1.0
27,99,106,1,1.0
27,100,53,0,-1.0
27,101,160,5,5.0
27,102,80,4,-1.0
27,103,40,3,-1.0
27,104,20,2,-1.0
27,105,10,1,-1.0
27,106,5,0,-1.0
27,107,16,4,4.0
27,108,8,3,-1.0
27,109,4,2,-1.0
27,110,2,1,-1.0
27,111,1,0,-1.0
28,0,28,2,
28,1,14,1,-1.0
28,2,7,0,-1.0
28,3,22,1,1.0
28,4,11,0,-1.0
28,5,34,1,1.0
28,6,17,0,-1.0
28,7,52,2,2.0
28,8,26,1,-1.0
28,9,13,0,-1.0
28,10,40,3,3.0
28,11,20,2,-1.0
28,12,10,1,-1.0
28,13,5,0,-1.0
28,14,16,4,4.0
28,15,8,3,-1.0
28,16,4,2,-1.0
28,17,2,1,-1.0
28,18,1,0,-1.0
29,0,29,0,
29,1,88,3,3.0
29,2,44,2,-1.0
29,3,22,1,-1.0
29,4,11,0,-1.0
29,5,34,1,1.0
29,6,17,0,-1.0
29,7,52,2,2.0
29,8,26,1,-1.0
29,9,13,0,-1.0
29,10,40,3,3.0
29,11,20,2,-1.0
29,12,10,1,-1.0
29,13,5,0,-1.0
29,14,16,4,4.0
29,15,8,3,-1.0
29,16,4,2,-1.0
29,17,2,1,-1.0
29,18,1,0,-1.0
30,0,30,1,
30,1,15,0,-1.0
30,2,46,1,1.0
30,3,23,0,-1.0
30,4,70,1,1.0
30,5,35,0,-1.0
30,6,106,1,1.0
30,7,53,0,-1.0
30,8,160,5,5.0
30,9,80,4,-1.0
30,10,40,3,-1.0
30,11,20,2,-1.0
30,12,10,1,-1.0
30,13,5,0,-1.0
30,14,16,4,4.0
30,15,8,3,-1.0
30,16,4,2,-1.0
30,17,2,1,-1.0
30,18,1,0,-1.0
31,0,31,0,
31,1,94,1,1.0
31,2,47,0,-1.0
31,3,142,1,1.0
31,4,71,0,-1.0
31,5,214,1,1.0
31,6,107,0,-1.0
31,7,322,1,1.0
31,8,161,0,-1.0
31,9,484,2,2.0
31,10,242,1,-1.0
31,11,121,0,-1.0
31,12,364,2,2.0
31,13,182,1,-1.0
31,14,91,0,-1.0
31,15,274,1,1.0
31,16,137,0,-1.0
31,17,412,2,2.0
31,18,206,1,-1.0
31,19,103,0,-1.0
31,20,310,1,1.0
31,21,155,0,-1.0
31,22,466,1,1.0
31,23,233,0,-1.0
31,24,700,2,2.0
31,25,350,1,-1.0
31,26,175,0,-1.0
31,27,526,1,1.0
31,28,263,0,-1.0
31,29,790,1,1.0
31,30,395,0,-1.0
31,31,1186,1,1.0
31,32,593,0,-1.0
31,33,1780,2,2.0
31,34,890,1,-1.0
31,35,445,0,-1.0
31,36,1336,3,3.0
31,37,668,2,-1.0
31,38,334,1,-1.0
31,39,167,0,-1.0
31,40,502,1,1.0
31,41,251,0,-1.0
31,42,754,1,1.0
31,43,377,0,-1.0
31,44,1132,2,2.0
31,45,566,1,-1.0
31,46,283,0,-1.0
31,47,850,1,1.0
31,48,425,0,-1.0
31,49,1276,2,2.0
31,50,638,1,-1.0
31,51,319,0,-1.0
31,52,958,1,1.0
31,53,479,0,-1.0
31,54,1438,1,1.0
31,55,719,0,-1.0
31,56,2158,1,1.0
31,57,1079,0,-1.0
31,58,3238,1,1.0
31,59,1619,0,-1.0
31,60,4858,1,1.0
31,61,2429,0,-1.0
31,62,7288,3,3.0
31,63,3644,2,-1.0
31,64,1822,1,-1.0
31,65,911,0,-1.0
31,66,2734,1,1.0
31,67,1367,0,-1.0
31,68,4102,1,1.0
31,69,2051,0,-1.0
31,70,6154,1,1.0
31,71,3077,0,-1.0
31,72,9232,4,4.0
31,73,4616,3,-1.0
31,74,2308,2,-1.0
31,75,1154,1,-1.0
31,76,577,0,-1.0
31,77,1732,2,2.0
31,78,866,1,-1.0
31,79,433,0,-1.0
31,80,1300,2,2.0
31,81,650,1,-1.0
31,82,325,0,-1.0
31,83,976,4,4.0
31,84,488,3,-1.0
31,85,244,2,-1.0
31,86,122,1,-1.0
31,87,61,0,-1.0
31,88,184,3,3.0
31,89,92,2,-1.0
31,90,46,1,-1.0
31,91,23,0,-1.0
31,92,70,1,1.0
31,93,35,0,-1.0
31,94,106,1,1.0
31,95,53,0,-1.0
31,96,160,5,5.0
31,97,80,4,-1.0
31,98,40,3,-1.0
31,99,20,2,-1.0
31,100,10,1,-1.0
31,101,5,0,-1.0
31,102,16,4,4.0
31,103,8,3,-1.0
31,104,4,2,-1.0
31,105,2,1,-1.0
31,106,1,0,-1.0
32,0,32,5,
32,1,16,4,-1.0
32,2,8,3,-1.0
32,3,4,2,-1.0
32,4,2,1,-1.0
32,5,1,0,-1.0
33,0,33,0,
33,1,100,2,2.0
33,2,50,1,-1.0
33,3,25,0,-1.0
33,4,76,2,2.0
33,5,38,1,-1.0
33,6,19,0,-1.0
33,7,58,1,1.0
33,8,29,0,-1.0
33,9,88,3,3.0
33,10,44,2,-1.0
33,11,22,1,-1.0
33,12,11,0,-1.0
33,13,34,1,1.0
33,14,17,0,-1.0
33,15,52,2,2.0
33,16,26,1,-1.0
33,17,13,0,-1.0
33,18,40,3,3.0
33,19,20,2,-1.0
33,20,10,1,-1.0
33,21,5,0,-1.0
33,22,16,4,4.0
33,23,8,3,-1.0
33,24,4,2,-1.0
33,25,2,1,-1.0
33,26,1,0,-1.0
34,0,34,1,
34,1,17,0,-1.0
34,2,52,2,2.0
34,3,26,1,-1.0
34,4,13,0,-1.0
34,5,40,3,3.0
34,6,20,2,-1.0
34,7,10,1,-1.0
34,8,5,0,-1.0
34,9,16,4,4.0
34,10,8,3,-1.0
34,11,4,2,-1.0
34,12,2,1,-1.0
34,13,1,0,-1.0
35,0,35,0,
35,1,106,1,1.0
35,2,53,0,-1.0
35,3,160,5,5.0
35,4,80,4,-1.0
35,5,40,3,-1.0
35,6,20,2,-1.0
35,7,10,1,-1.0
35,8,5,0,-1.0
35,9,16,4,4.0
35,10,8,3,-1.0
35,11,4,2,-1.0
35,12,2,1,-1.0
35,13,1,0,-1.0
36,0,36,2,
36,1,18,1,-1.0
36,2,9,0,-1.0
36,3,28,2,2.0
36,4,14,1,-1.0
36,5,7,0,-1.0
36,6,22,1,1.0
36,7,11,0,-1.0
36,8,34,1,1.0
36,9,17,0,-1.0
36,10,52,2,2.0
36,11,26,1,-1.0
36,12,13,0,-1.0
36,13,40,3,3.0
36,14,20,2,-1.0
36,15,10,1,-1.0
36,16,5,0,-1.0
36,17,16,4,4.0
36,18,8,3,-1.0
36,19,4,2,-1.0
36,20,2,1,-1.0
36,21,1,0,-1.0
37,0,37,0,
37,1,112,4,4.0
37,2,56,3,-1.0
37,3,28,2,-1.0
37,4,14,1,-1.0
37,5,7,0,-1.0
37,6,22,1,1.0
37,7,11,0,-1.0
37,8,34,1,1.0
37,9,17,0,-1.0
37,10,52,2,2.0
37,11,26,1,-1.0
37,12,13,0,-1.0
37,13,40,3,3.0
37,14,20,2,-1.0
37,15,10,1,-1.0
37,16,5,0,-1.0
37,17,16,4,4.0
37,18,8,3,-1.0
37,19,4,2,-1.0
37,20,2,1,-1.0
37,21,1,0,-1.0
38,0,38,1,
38,1,19,0,-1.0
38,2,58,1,1.0
38,3,29,0,-1.0
38,4,88,3,3.0
38,5,44,2,-1.0
38,6,22,1,-1.0
38,7,11,0,-1.0
38,8,34,1,1.0
38,9,17,0,-1.0
38,10,52,2,2.0
38,11,26,1,-1.0
38,12,13,0,-1.0
38,13,40,3,3.0
38,14,20,2,-1.0
38,15,10,1,-1.0
38,16,5,0,-1.0
38,17,16,4,4.0
38,18,8,3,-1.0
38,19,4,2,-1.0
38,20,2,1,-1.0
38,21,1,0,-1.0
39,0,39,0,
39,1,118,1,1.0
39,2,59,0,-1.0
39,3,178,1,1.0
39,4,89,0,-1.0
39,5,268,2,2.0
39,6,134,1,-1.0
39,7,67,0,-1.0
39,8,202,1,1.0
39,9,101,0,-1.0
39,10,304,4,4.0
39,11,152,3,-1.0
39,12,76,2,-1.0
39,13,38,1,-1.0
39,14,19,0,-1.0
39,15,58,1,1.0
39,16,29,0,-1.0
39,17,88,3,3.0
39,18,44,2,-1.0
39,19,22,1,-1.0
39,20,11,0,-1.0
39,21,34,1,1.0
39,22,17,0,-1.0
39,23,52,2,2.0
39,24,26,1,-1.0
39,25,13,0,-1.0
39,26,40,3,3.0
39,27,20,2,-1.0
39,28,10,1,-1.0
39,29,5,0,-1.0
39,30,16,4,4.0
39,31,8,3,-1.0
39,32,4,2,-1.0
39,33,2,1,-1.0
39,34,1,0,-1.0
40,0,40,3,
40,1,20,2,-1.0
40,2,10,1,-1.0
40,3,5,0,-1.0
40,4,16,4,4.0
40,5,8,3,-1.0
40,6,4,2,-1.0
40,7,2,1,-1.0
40,8,1,0,-1.0
41,0,41,0,
41,1,124,2,2.0
41,2,62,1,-1.0
41,3,31,0,-1.0
41,4,94,1,1.0
41,5,47,0,-1.0
41,6,142,1,1.0
41,7,71,0,-1.0
41,8,214,1,1.0
41,9,107,0,-1.0
41,10,322,1,1.0
41,11,161,0,-1.0
41,12,484,2,2.0
41,13,242,1,-1.0
41,14,121,0,-1.0
41,15,364,2,2.0
41,16,182,1,-1.0
41,17,91,0,-1.0
41,18,274,1,1.0
41,19,137,0,-1.0
41,20,412,2,2.0
41,21,206,1,-1.0
41,22,103,0,-1.0
41,23,310,1,1.0
41,24,155,0,-1.0
41,25,466,1,1.0
41,26,233,0,-1.0
41,27,700,2,2.0
41,28,350,1,-1.0
41,29,175,0,-1.0
41,30,526,1,1.0
41,31,263,0,-1.0
41,32,790,1,1.0
41,33,395,0,-1.0
41,34,1186,1,1.0
41,35,593,0,-1.0
41,36,1780,2,2.0
41,37,890,1,-1.0
41,38,445,0,-1.0
41,39,1336,3,3.0
41,40,668,2,-1.0
41,41,334,1,-1.0
41,42,167,0,-1.0
41,43,502,1,1.0
41,44,251,0,-1.0
41,45,754,1,1.0
41,46,377,0,-1.0
41,47,1132,2,2.0
41,48,566,1,-1.0
41,49,283,0,-1.0
41,50,850,1,1.0
41,51,425,0,-1.0
41,52,1276,2,2.0
41,53,638,1,-1.0
41,54,319,0,-1.0
41,55,958,1,1.0
41,56,479,0,-1.0
41,57,1438,1,1.0
41,58,719,0,-1.0
41,59,2158,1,1.0
41,60,1079,0,-1.0
41,61,3238,1,1.0
41,62,1619,0,-1.0
41,63,4858,1,1.0
41,64,2429,0,-1.0
41,65,7288,3,3.0
41,66,3644,2,-1.0
41,67,1822,1,-1.0
41,68,911,0,-1.0
41,69,2734,1,1.0
41,70,1367,0,-1.0
41,71,4102,1,1.0
41,72,2051,0,-1.0
41,73,6154,1,1.0
41,74,3077,0,-1.0
41,75,9232,4,4.0
41,76,4616,3,-1.0
41,77,2308,2,-1.0
41,78,1154,1,-1.0
41,79,577,0,-1.0
41,80,1732,2,2.0
41,81,866,1,-1.0
41,82,433,0,-1.0
41,83,1300,2,2.0
41,84,650,1,-1.0
41,85,325,0,-1.0
41,86,976,4,4.0
41,87,488,3,-1.0
41,88,244,2,-1.0
41,89,122,1,-1.0
41,90,61,0,-1.0
41,91,184,3,3.0
41,92,92,2,-1.0
41,93,46,1,-1.0
41,94,23,0,-1.0
41,95,70,1,1.0
41,96,35,0,-1.0
41,97,106,1,1.0
41,98,53,0,-1.0
41,99,160,5,5.0
41,100,80,4,-1.0
41,101,40,3,-1.0
41,102,20,2,-1.0
41,103,10,1,-1.0
41,104,5,0,-1.0
41,105,16,4,4.0
41,106,8,3,-1.0
41,107,4,2,-1.0
41,108,2,1,-1.0
41,109,1,0,-1.0
42,0,42,1,
42,1,21,0,-1.0
42,2,64,6,6.0
42,3,32,5,-1.0
42,4,16,4,-1.0
42,5,8,3,-1.0
42,6,4,2,-1.0
42,7,2,1,-1.0
42,8,1,0,-1.0
43,0,43,0,
43,1,130,1,1.0
43,2,65,0,-1.0
43,3,196,2,2.0
43,4,98,1,-1.0
43,5,49,0,-1.0
43,6,148,2,2.0
43,7,74,1,-1.0
43,8,37,0,-1.0
43,9,112,4,4.0
43,10,56,3,-1.0
43,11,28,2,-1.0
43,12,14,1,-1.0
43,13,7,0,-1.0
43,14,22,1,1.0
43,15,11,0,-1.0
43,16,34,1,1.0
43,17,17,0,-1.0
43,18,52,2,2.0
43,19,26,1,-1.0
43,20,13,0,-1.0
43,21,40,3,3.0
43,22,20,2,-1.0
43,23,10,1,-1.0
43,24,5,0,-1.0
43,25,16,4,4.0
43,26,8,3,-1.0
43,27,4,2,-1.0
43,28,2,1,-1.0
43,29,1,0,-1.0
44,0,44,2,
44,1,22,1,-1.0
44,2,11,0,-1.0
44,3,34,1,1.0
44,4,17,0,-1.0
44,5,52,2,2.0
44,6,26,1,-1.0
44,7,13,0,-1.0
44,8,40,3,3.0
44,9,20,2,-1.0
44,10,10,1,-1.0
44,11,5,0,-1.0
44,12,16,4,4.0
44,13,8,3,-1.0
44,14,4,2,-1.0
44,15,2,1,-1.0
44,16,1,0,-1.0
45,0,45,0,
45,1,136,3,3.0
45,2,68,2,-1.0
45,3,34,1,-1.0
45,4,17,0,-1.0
45,5,52,2,2.0
45,6,26,1,-1.0
45,7,13,0,-1.0
45,8,40,3,3.0
45,9,20,2,-1.0
45,10,10,1,-1.0
45,11,5,0,-1.0
45,12,16,4,4.0
45,13,8,3,-1.0
45,14,4,2,-1.0
45,15,2,1,-1.0
45,16,1,0,-1.0
46,0,46,1,
46,1,23,0,-1.0
46,2,70,1,1.0
46,3,35,0,-1.0
46,4,106,1,1.0
46,5,53,0,-1.0
46,6,160,5,5.0
46,7,80,4,-1.0
46,8,40,3,-1.0
46,9,20,2,-1.0
46,10,10,1,-1.0
46,11,5,0,-1.0
46,12,16,4,4.0
46,13,8,3,-1.0
46,14,4,2,-1.0
46,15,2,1,-1.0
46,16,1,0,-1.0
47,0,47,0,
47,1,142,1,1.0
47,2,71,0,-1.0
47,3,214,1,1.0
47,4,107,0,-1.0
47,5,322,1,1.0
47,6,161,0,-1.0
47,7,484,2,2.0
47,8,242,1,-1.0
47,9,121,0,-1.0
47,10,364,2,2.0
47,11,182,1,-1.0
47,12,91,0,-1.0
47,13,274,1,1.0
47,14,137,0,-1.0
47,15,412,2,2.0
47,16,206,1,-1.0
47,17,103,0,-1.0
47,18,310,1,1.0
47,19,155,0,-1.0
47,20,466,1,1.0
47,21,233,0,-1.0
47,22,700,2,2.0
47,23,350,1,-1.0
47,24,175,0,-1.0
47,25,526,1,1.0
47,26,263,0,-1.0
47,27,790,1,1.0
47,28,395,0,-1.0
47,29,1186,1,1.0
47,30,593,0,-1.0
47,31,1780,2,2.0
47,32,890,1,-1.0
47,33,445,0,-1.0
47,34,1336,3,3.0
47,35,668,2,-1.0
47,36,334,1,-1.0
47,37,167,0,-1.0
47,38,502,1,1.0
47,39,251,0,-1.0
47,40,754,1,1.0
47,41,377,0,-1.0
47,42,1132,2,2.0
47,43,566,1,-1.0
47,44,283,0,-1.0
47,45,850,1,1.0
47,46,425,0,-1.0
47,47,1276,2,2.0
47,48,638,1,-1.0
47,49,319,0,-1.0
47,50,958,1,1.0
47,51,479,0,-1.0
47,52,1438,1,1.0
47,53,719,0,-1.0
47,54,2158,1,1.0
47,55,1079,0,-1.0
47,56,3238,1,1.0
47,57,1619,0,-1.0
47,58,4858,1,1.0
47,59,2429,0,-1.0
47,60,7288,3,3.0
47,61,3644,2,-1.0
47,62,1822,1,-1.0
47,63,911,0,-1.0
47,64,2734,1,1.0
47,65,1367,0,-1.0
47,66,4102,1,1.0
47,67,2051,0,-1.0
47,68,6154,1,1.0
47,69,3077,0,-1.0
47,70,9232,4,4.0
47,71,4616,3,-1.0
47,72,2308,2,-1.0
47,73,1154,1,-1.0
47,74,577,0,-1.0
47,75,1732,2,2.0
47,76,866,1,-1.0
47,77,433,0,-1.0
47,78,1300,2,2.0
47,79,650,1,-1.0
47,80,325,0,-1.0
47,81,976,4,4.0
47,82,488,3,-1.0
47,83,244,2,-1.0
47,84,122,1,-1.0
47,85,61,0,-1.0
47,86,184,3,3.0
47,87,92,2,-1.0
47,88,46,1,-1.0
47,89,23,0,-1.0
47,90,70,1,1.0
47,91,35,0,-1.0
47,92,106,1,1.0
47,93,53,0,-1.0
47,94,160,5,5.0
47,95,80,4,-1.0
47,96,40,3,-1.0
47,97,20,2,-1.0
47,98,10,1,-1.0
47,99,5,0,-1.0
47,100,16,4,4.0
47,101,8,3,-1.0
47,102,4,2,-1.0
47,103,2,1,-1.0
47,104,1,0,-1.0
48,0,48,4,
48,1,24,3,-1.0
48,2,12,2,-1.0
48,3,6,1,-1.0
48,4,3,0,-1.0
48,5,10,1,1.0
48,6,5,0,-1.0
48,7,16,4,4.0
48,8,8,3,-1.0
48,9,4,2,-1.0
48,10,2,1,-1.0
48,11,1,0,-1.0
49,0,49,0,
49,1,148,2,2.0
49,2,74,1,-1.0
49,3,37,0,-1.0
49,4,112,4,4.0
49,5,56,3,-1.0
49,6,28,2,-1.0
49,7,14,1,-1.0
49,8,7,0,-1.0
49,9,22,1,1.0
49,10,11,0,-1.0
49,11,34,1,1.0
49,12,17,0,-1.0
49,13,52,2,2.0
49,14,26,1,-1.0
49,15,13,0,-1.0
49,16,40,3,3.0
49,17,20,2,-1.0
49,18,10,1,-1.0
49,19,5,0,-1.0
49,20,16,4,4.0
49,21,8,3,-1.0
49,22,4,2,-1.0
49,23,2,1,-1.0
49,24,1,0,-1.0
50,0,50,1,
50,1,25,0,-1.0
50,2,76,2,2.0
50,3,38,1,-1.0
50,4,19,0,-1.0
50,5,58,1,1.0
50,6,29,0,-1.0
50,7,88,3,3.0
50,8,44,2,-1.0
50,9,22,1,-1.0
50,10,11,0,-1.0
50,11,34,1,1.0
50,12,17,0,-1.0
50,13,52,2,2.0
50,14,26,1,-1.0
50,15,13,0,-1.0
50,16,40,3,3.0
50,17,20,2,-1.0
50,18,10,1,-1.0
50,19,5,0,-1.0
50,20,16,4,4.0
50,21,8,3,-1.0
50,22,4,2,-1.0
50,23,2,1,-1.0
50,24,1,0,-1.0
51,0,51,0,
51,1,154,1,1.0
51,2,77,0,-1.0
51,3,232,3,3.0
51,4,116,2,-1.0
51,5,58,1,-1.0
51,6,29,0,-1.0
51,7,88,3,3.0
51,8,44,2,-1.0
51,9,22,1,-1.0
51,10,11,0,-1.0
51,11,34,1,1.0
51,12,17,0,-1.0
51,13,52,2,2.0
51,14,26,1,-1.0
51,15,13,0,-1.0
51,16,40,3,3.0
51,17,20,2,-1.0
51,18,10,1,-1.0
51,19,5,0,-1.0
51,20,16,4,4.0
51,21,8,3,-1.0
51,22,4,2,-1.0
51,23,2,1,-1.0
51,24,1,0,-1.0
52,0,52,2,
52,1,26,1,-1.0
52,2,13,0,-1.0
52,3,40,3,3.0
52,4,20,2,-1.0
52,5,10,1,-1.0
52,6,5,0,-1.0
52,7,16,4,4.0
52,8,8,3,-1.0
52,9,4,2,-1.0
52,10,2,1,-1.0
52,11,1,0,-1.0
53,0,53,0,
53,1,160,5,5.0
53,2,80,4,-1.0
53,3,40,3,-1.0
53,4,20,2,-1.0
53,5,10,1,-1.0
53,6,5,0,-1.0
53,7,16,4,4.0
53,8,8,3,-1.0
53,9,4,2,-1.0
53,10,2,1,-1.0
53,11,1,0,-1.0
54,0,54,1,
54,1,27,0,-1.0
54,2,82,1,1.0
54,3,41,0,-1.0
54,4,124,2,2.0
54,5,62,1,-1.0
54,6,31,0,-1.0
54,7,94,1,1.0
54,8,47,0,-1.0
54,9,142,1,1.0
54,10,71,0,-1.0
54,11,214,1,1.0
54,12,107,0,-1.0
54,13,322,1,1.0
54,14,161,0,-1.0
54,15,484,2,2.0
54,16,242,1,-1.0
54,17,121,0,-1.0
54,18,364,2,2.0
54,19,182,1,-1.0
54,20,91,0,-1.0
54,21,274,1,1.0
54,22,137,0,-1.0
54,23,412,2,2.0
54,24,206,1,-1.0
54,25,103,0,-1.0
54,26,310,1,1.0
54,27,155,0,-1.0
54,28,466,1,1.0
54,29,233,0,-1.0
54,30,700,2,2.0
54,31,350,1,-1.0
54,32,175,0,-1.0
54,33,526,1,1.0
54,34,263,0,-1.0
54,35,790,1,1.0
54,36,395,0,-1.0
54,37,1186,1,1.0
54,38,593,0,-1.0
54,39,1780,2,2.0
54,40,890,1,-1.0
54,41,445,0,-1.0
54,42,1336,3,3.0
54,43,668,2,-1.0
54,44,334,1,-1.0
54,45,167,0,-1.0
54,46,502,1,1.0
54,47,251,0,-1.0
54,48,754,1,1.0
54,49,377,0,-1.0
54,50,1132,2,2.0
54,51,566,1,-1.0
54,52,283,0,-1.0
54,53,850,1,1.0
54,54,425,0,-1.0
54,55,1276,2,2.0
54,56,638,1,-1.0
54,57,319,0,-1.0
54,58,958,1,1.0
54,59,479,0,-1.0
54,60,1438,1,1.0
54,61,719,0,-1.0
54,62,2158,1,1.0
54,63,1079,0,-1.0
54,64,3238,1,1.0
54,65,1619,0,-1.0
54,66,4858,1,1.0
54,67,2429,0,-1.0
54,68,7288,3,3.0
54,69,3644,2,-1.0
54,70,1822,1,-1.0
54,71,911,0,-1.0
54,72,2734,1,1.0
54,73,1367,0,-1.0
54,74,4102,1,1.0
54,75,2051,0,-1.0
54,76,6154,1,1.0
54,77,3077,0,-1.0
54,78,9232,4,4.0
54,79,4616,3,-1.0
54,80,2308,2,-1.0
54,81,1154,1,-1.0
54,82,577,0,-1.0
54,83,1732,2,2.0
54,84,866,1,-1.0
54,85,433,0,-1.0
54,86,1300,2,2.0
54,87,650,1,-1.0
54,88,325,0,-1.0
54,89,976,4,4.0
54,90,488,3,-1.0
54,91,244,2,-1.0
54,92,122,1,-1.0
54,93,61,0,-1.0
54,94,184,3,3.0
54,95,92,2,-1.0
54,96,46,1,-1.0
54,97,23,0,-1.0
54,98,70,1,1.0
54,99,35,0,-1.0
54,100,106,1,1.0
54,101,53,0,-1.0
54,102,160,5,5.0
54,103,80,4,-1.0
54,104,40,3,-1.0
54,105,20,2,-1.0
54,106,10,1,-1.0
54,107,5,0,-1.0
54,108,16,4,4.0
54,109,8,3,-1.0
54,110,4,2,-1.0
54,111,2,1,-1.0
54,112,1,0,-1.0
55,0,55,0,
55,1,166,1,1.0
55,2,83,0,-1.0
55,3,250,1,1.0
55,4,125,0,-1.0
55,5,376,3,3.0
55,6,188,2,-1.0
55,7,94,1,-1.0
55,8,47,0,-1.0
55,9,142,1,1.0
55,10,71,0,-1.0
55,11,214,1,1.0
55,12,107,0,-1.0
55,13,322,1,1.0
55,14,161,0,-1.0
55,15,484,2,2.0
55,16,242,1,-1.0
55,17,121,0,-1.0
55,18,364,2,2.0
55,19,182,1,-1.0
55,20,91,0,-1.0
55,21,274,1,1.0
55,22,137,0,-1.0
55,23,412,2,2.0
55,24,206,1,-1.0
55,25,103,0,-1.0
55,26,310,1,1.0
55,27,155,0,-1.0
55,28,466,1,1.0
55,29,233,0,-1.0
55,30,700,2,2.0
55,31,350,1,-1.0
55,32,175,0,-1.0
55,33,526,1,1.0
55,34,263,0,-1.0
55,35,790,1,1.0
55,36,395,0,-1.0
55,37,1186,1,1.0
55,38,593,0,-1.0
55,39,1780,2,2.0
55,40,890,1,-1.0
55,41,445,0,-1.0
55,42,1336,3,3.0
55,43,668,2,-1.0
55,44,334,1,-1.0
55,45,167,0,-1.0
55,46,502,1,1.0
55,47,251,0,-1.0
55,48,754,1,1.0
55,49,377,0,-1.0
55,50,1132,2,2.0
55,51,566,1,-1.0
55,52,283,0,-1.0
55,53,850,1,1.0
55,54,425,0,-1.0
55,55,1276,2,2.0
55,56,638,1,-1.0
55,57,319,0,-1.0
55,58,958,1,1.0
55,59,479,0,-1.0
55,60,1438,1,1.0
55,61,719,0,-1.0
55,62,2158,1,1.0
55,63,1079,0,-1.0
55,64,3238,1,1.0
55,65,1619,0,-1.0
55,66,4858,1,1.0
55,67,2429,0,-1.0
55,68,7288,3,3.0
55,69,3644,2,-1.0
55,70,1822,1,-1.0
55,71,911,0,-1.0
55,72,2734,1,1.0
55,73,1367,0,-1.0
55,74,4102,1,1.0
55,75,2051,0,-1.0
55,76,6154,1,1.0
55,77,3077,0,-1.0
55,78,9232,4,4.0
55,79,4616,3,-1.0
55,80,2308,2,-1.0
55,81,1154,1,-1.0
55,82,577,0,-1.0
55,83,1732,2,2.0
55,84,866,1,-1.0
55,85,433,0,-1.0
55,86,1300,2,2.0
55,87,650,1,-1.0
55,88,325,0,-1.0
55,89,976,4,4.0
55,90,488,3,-1.0
55,91,244,2,-1.0
55,92,122,1,-1.0
55,93,61,0,-1.0
55,94,184,3,3.0
55,95,92,2,-1.0
55,96,46,1,-1.0
55,97,23,0,-1.0
55,98,70,1,1.0
55,99,35,0,-1.0
55,100,106,1,1.0
55,101,53,0,-1.0
55,102,160,5,5.0
55,103,80,4,-1.0
55,104,40,3,-1.0
55,105,20,2,-1.0
55,106,10,1,-1.0
55,107,5,0,-1.0
55,108,16,4,4.0
55,109,8,3,-1.0
55,110,4,2,-1.0
55,111,2,1,-1.0
55,112,1,0,-1.0
56,0,56,3,
56,1,28,2,-1.0
56,2,14,1,-1.0
56,3,7,0,-1.0
56,4,22,1,1.0
56,5,11,0,-1.0
56,6,34,1,1.0
56,7,17,0,-1.0
56,8,52,2,2.0
56,9,26,1,-1.0
56,10,13,0,-1.0
56,11,40,3,3.0
56,12,20,2,-1.0
56,13,10,1,-1.0
56,14,5,0,-1.0
56,15,16,4,4.0
56,16,8,3,-1.0
56,17,4,2,-1.0
56,18,2,1,-1.0
56,19,1,0,-1.0
57,0,57,0,
57,1,172,2,2.0
57,2,86,1,-1.0
57,3,43,0,-1.0
57,4,130,1,1.0
57,5,65,0,-1.0
57,6,196,2,2.0
57,7,98,1,-1.0
57,8,49,0,-1.0
57,9,148,2,2.0
57,10,74,1,-1.0
57,11,37,0,-1.0
57,12,112,4,4.0
57,13,56,3,-1.0
57,14,28,2,-1.0
57,15,14,1,-1.0
57,16,7,0,-1.0
57,17,22,1,1.0
57,18,11,0,-1.0
57,19,34,1,1.0
57,20,17,0,-1.0
57,21,52,2,2.0
57,22,26,1,-1.0
57,23,13,0,-1.0
57,24,40,3,3.0
57,25,20,2,-1.0
57,26,10,1,-1.0
57,27,5,0,-1.0
57,28,16,4,4.0
57,29,8,3,-1.0
57,30,4,2,-1.0
57,31,2,1,-1.0
57,32,1,0,-1.0
58,0,58,1,
58,1,29,0,-1.0
58,2,88,3,3.0
58,3,44,2,-1.0
58,4,22,1,-1.0
58,5,11,0,-1.0
58,6,34,1,1.0
58,7,17,0,-1.0
58,8,52,2,2.0
58,9,26,1,-1.0
58,10,13,0,-1.0
58,11,40,3,3.0
58,12,20,2,-1.0
58,13,10,1,-1.0
58,14,5,0,-1.0
58,15,16,4,4.0
58,16,8,3,-1.0
58,17,4,2,-1.0
58,18,2,1,-1.0
58,19,1,0,-1.0
59,0,59,0,
59,1,178,1,1.0
59,2,89,0,-1.0
59,3,268,2,2.0
59,4,134,1,-1.0
59,5,67,0,-1.0
59,6,202,1,1.0
59,7,101,0,-1.0
59,8,304,4,4.0
59,9,152,3,-1.0
59,10,76,2,-1.0
59,11,38,1,-1.0
59,12,19,0,-1.0
59,13,58,1,1.0
59,14,29,0,-1.0
59,15,88,3,3.0
59,16,44,2,-1.0
59,17,22,1,-1.0
59,18,11,0,-1.0
59,19,34,1,1.0
59,20,17,0,-1.0
59,21,52,2,2.0
59,22,26,1,-1.0
59,23,13,0,-1.0
59,24,40,3,3.0
59,25,20,2,-1.0
59,26,10,1,-1.0
59,27,5,0,-1.0
59,28,16,4,4.0
59,29,8,3,-1.0
59,30,4,2,-1.0
59,31,2,1,-1.0
59,32,1,0,-1.0
60,0,60,2,
60,1,30,1,-1.0
60,2,15,0,-1.0
60,3,46,1,1.0
60,4,23,0,-1.0
60,5,70,1,1.0
60,6,35,0,-1.0
60,7,106,1,1.0
60,8,53,0,-1.0
60,9,160,5,5.0
60,10,80,4,-1.0
60,11,40,3,-1.0
60,12,20,2,-1.0
60,13,10,1,-1.0
60,14,5,0,-1.0
60,15,16,4,4.0
60,16,8,3,-1.0
60,17,4,2,-1.0
60,18,2,1,-1.0
60,19,1,0,-1.0
61,0,61,0,
61,1,184,3,3.0
61,2,92,2,-1.0
61,3,46,1,-1.0
61,4,23,0,-1.0
61,5,70,1,1.0
61,6,35,0,-1.0
61,7,106,1,1.0
61,8,53,0,-1.0
61,9,160,5,5.0
61,10,80,4,-1.0
61,11,40,3,-1.0
61,12,20,2,-1.0
61,13,10,1,-1.0
61,14,5,0,-1.0
61,15,16,4,4.0
61,16,8,3,-1.0
61,17,4,2,-1.0
61,18,2,1,-1.0
61,19,1,0,-1.0
62,0,62,1,
62,1,31,0,-1.0
62,2,94,1,1.0
62,3,47,0,-1.0
62,4,142,1,1.0
62,5,71,0,-1.0
62,6,214,1,1.0
62,7,107,0,-1.0
62,8,322,1,1.0
62,9,161,0,-1.0
62,10,484,2,2.0
62,11,242,1,-1.0
62,12,121,0,-1.0
62,13,364,2,2.0
62,14,182,1,-1.0
62,15,91,0,-1.0
62,16,274,1,1.0
62,17,137,0,-1.0
62,18,412,2,2.0
62,19,206,1,-1.0
62,20,103,0,-1.0
62,21,310,1,1.0
62,22,155,0,-1.0
62,23,466,1,1.0
62,24,233,0,-1.0
62,25,700,2,2.0
62,26,350,1,-1.0
62,27,175,0,-1.0
62,28,526,1,1.0
62,29,263,0,-1.0
62,30,790,1,1.0
62,31,395,0,-1.0
62,32,1186,1,1.0
62,33,593,0,-1.0
62,34,1780,2,2.0
62,35,890,1,-1.0
62,36,445,0,-1.0
62,37,1336,3,3.0
62,38,668,2,-1.0
62,39,334,1,-1.0
62,40,167,0,-1.0
62,41,502,1,1.0
62,42,251,0,-1.0
62,43,754,1,1.0
62,44,377,0,-1.0
62,45,1132,2,2.0
62,46,566,1,-1.0
62,47,283,0,-1.0
62,48,850,1,1.0
62,49,425,0,-1.0
62,50,1276,2,2.0
62,51,638,1,-1.0
62,52,319,0,-1.0
62,53,958,1,1.0
62,54,479,0,-1.0
62,55,1438,1,1.0
62,56,719,0,-1.0
62,57,2158,1,1.0
62,58,1079,0,-1.0
62,59,3238,1,1.0
62,60,1619,0,-1.0
62,61,4858,1,1.0
62,62,2429,0,-1.0
62,63,7288,3,3.0
62,64,3644,2,-1.0
62,65,1822,1,-1.0
62,66,911,0,-1.0
62,67,2734,1,1.0
62,68,1367,0,-1.0
62,69,4102,1,1.0
62,70,2051,0,-1.0
62,71,6154,1,1.0
62,72,3077,0,-1.0
62,73,9232,4,4.0
62,74,4616,3,-1.0
62,75,2308,2,-1.0
62,76,1154,1,-1.0
62,77,577,0,-1.0
62,78,1732,2,2.0
62,79,866,1,-1.0
62,80,433,0,-1.0
62,81,1300,2,2.0
62,82,650,1,-1.0
62,83,325,0,-1.0
62,84,976,4,4.0
62,85,488,3,-1.0
62,86,244,2,-1.0
62,87,122,1,-1.0
62,88,61,0,-1.0
62,89,184,3,3.0
62,90,92,2,-1.0
62,91,46,1,-1.0
62,92,23,0,-1.0
62,93,70,1,1.0
62,94,35,0,-1.0
62,95,106,1,1.0
62,96,53,0,-1.0
62,97,160,5,5.0
62,98,80,4,-1.0
62,99,40,3,-1.0
62,100,20,2,-1.0
62,101,10,1,-1.0
62,102,5,0,-1.0
62,103,16,4,4.0
62,104,8,3,-1.0
62,105,4,2,-1.0
62,106,2,1,-1.0
62,107,1,0,-1.0
63,0,63,0,
63,1,190,1,1.0
63,2,95,0,-1.0
63,3,286,1,1.0
63,4,143,0,-1.0
63,5,430,1,1.0
63,6,215,0,-1.0
63,7,646,1,1.0
63,8,323,0,-1.0
63,9,970,1,1.0
63,10,485,0,-1.0
63,11,1456,4,4.0
63,12,728,3,-1.0
63,13,364,2,-1.0
63,14,182,1,-1.0
63,15,91,0,-1.0
63,16,274,1,1.0
63,17,137,0,-1.0
63,18,412,2,2.0
63,19,206,1,-1.0
63,20,103,0,-1.0
63,21,310,1,1.0
63,22,155,0,-1.0
63,23,466,1,1.0
63,24,233,0,-1.0
63,25,700,2,2.0
63,26,350,1,-1.0
63,27,175,0,-1.0
63,28,526,1,1.0
63,29,263,0,-1.0
63,30,790,1,1.0
63,31,395,0,-1.0
63,32,1186,1,1.0
63,33,593,0,-1.0
63,34,1780,2,2.0
63,35,890,1,-1.0
63,36,445,0,-1.0
63,37,1336,3,3.0
63,38,668,2,-1.0
63,39,334,1,-1.0
63,40,167,0,-1.0
63,41,502,1,1.0
63,42,251,0,-1.0
63,43,754,1,1.0
63,44,377,0,-1.0
63,45,1132,2,2.0
63,46,566,1,-1.0
63,47,283,0,-1.0
63,48,850,1,1.0
63,49,425,0,-1.0
63,50,1276,2,2.0
63,51,638,1,-1.0
63,52,319,0,-1.0
63,53,958,1,1.0
63,54,479,0,-1.0
63,55,1438,1,1.0
63,56,719,0,-1.0
63,57,2158,1,1.0
63,58,1079,0,-1.0
63,59,3238,1,1.0
63,60,1619,0,-1.0
63,61,4858,1,1.0
63,62,2429,0,-1.0
63,63,7288,3,3.0
63,64,3644,2,-1.0
63,65,1822,1,-1.0
63,66,911,0,-1.0
63,67,2734,1,1.0
63,68,1367,0,-1.0
63,69,4102,1,1.0
63,70,2051,0,-1.0
63,71,6154,1,1.0
63,72,3077,0,-1.0
63,73,9232,4,4.0
63,74,4616,3,-1.0
63,75,2308,2,-1.0
63,76,1154,1,-1.0
63,77,577,0,-1.0
63,78,1732,2,2.0
63,79,866,1,-1.0
63,80,433,0,-1.0
63,81,1300,2,2.0
63,82,650,1,-1.0
63,83,325,0,-1.0
63,84,976,4,4.0
63,85,488,3,-1.0
63,86,244,2,-1.0
63,87,122,1,-1.0
63,88,61,0,-1.0
63,89,184,3,3.0
63,90,92,2,-1.0
63,91,46,1,-1.0
63,92,23,0,-1.0
63,93,70,1,1.0
63,94,35,0,-1.0
63,95,106,1,1.0
63,96,53,0,-1.0
63,97,160,5,5.0
63,98,80,4,-1.0
63,99,40,3,-1.0
63,100,20,2,-1.0
63,101,10,1,-1.0
63,102,5,0,-1.0
63,103,16,4,4.0
63,104,8,3,-1.0
63,105,4,2,-1.0
63,106,2,1,-1.0
63,107,1,0,-1.0
64,0,64,6,
64,1,32,5,-1.0
64,2,16,4,-1.0
64,3,8,3,-1.0
64,4,4,2,-1.0
64,5,2,1,-1.0
64,6,1,0,-1.0
65,0,65,0,
65,1,196,2,2.0
65,2,98,1,-1.0
65,3,49,0,-1.0
65,4,148,2,2.0
65,5,74,1,-1.0
65,6,37,0,-1.0
65,7,112,4,4.0
65,8,56,3,-1.0
65,9,28,2,-1.0
65,10,14,1,-1.0
65,11,7,0,-1.0
65,12,22,1,1.0
65,13,11,0,-1.0
65,14,34,1,1.0
65,15,17,0,-1.0
65,16,52,2,2.0
65,17,26,1,-1.0
65,18,13,0,-1.0
65,19,40,3,3.0
65,20,20,2,-1.0
65,21,10,1,-1.0
65,22,5,0,-1.0
65,23,16,4,4.0
65,24,8,3,-1.0
65,25,4,2,-1.0
65,26,2,1,-1.0
65,27,1,0,-1.0
66,0,66,1,
66,1,33,0,-1.0
66,2,100,2,2.0
66,3,50,1,-1.0
66,4,25,0,-1.0
66,5,76,2,2.0
66,6,38,1,-1.0
66,7,19,0,-1.0
66,8,58,1,1.0
66,9,29,0,-1.0
66,10,88,3,3.0
66,11,44,2,-1.0
66,12,22,1,-1.0
66,13,11,0,-1.0
66,14,34,1,1.0
66,15,17,0,-1.0
66,16,52,2,2.0
66,17,26,1,-1.0
66,18,13,0,-1.0
66,19,40,3,3.0
66,20,20,2,-1.0
66,21,10,1,-1.0
66,22,5,0,-1.0
66,23,16,4,4.0
66,24,8,3,-1.0
66,25,4,2,-1.0
66,26,2,1,-1.0
66,27,1,0,-1.0
67,0,67,0,
67,1,202,1,1.0
67,2,101,0,-1.0
67,3,304,4,4.0
67,4,152,3,-1.0
67,5,76,2,-1.0
67,6,38,1,-1.0
67,7,19,0,-1.0
67,8,58,1,1.0
67,9,29,0,-1.0
67,10,88,3,3.0
67,11,44,2,-1.0
67,12,22,1,-1.0
67,13,11,0,-1.0
67,14,34,1,1.0
67,15,17,0,-1.0
67,16,52,2,2.0
67,17,26,1,-1.0
67,18,13,0,-1.0
67,19,40,3,3.0
67,20,20,2,-1.0
67,21,10,1,-1.0
67,22,5,0,-1.0
67,23,16,4,4.0
67,24,8,3,-1.0
67,25,4,2,-1.0
67,26,2,1,-1.0
67,27,1,0,-1.0
68,0,68,2,
68,1,34,1,-1.0
68,2,17,0,-1.0
68,3,52,2,2.0
68,4,26,1,-1.0
68,5,13,0,-1.0
68,6,40,3,3.0
68,7,20,2,-1.0
68,8,10,1,-1.0
68,9,5,0,-1.0
68,10,16,4,4.0
68,11,8,3,-1.0
68,12,4,2,-1.0
68,13,2,1,-1.0
68,14,1,0,-1.0
69,0,69,0,
69,1,208,4,4.0
69,2,104,3,-1.0
69,3,52,2,-1.0
69,4,26,1,-1.0
69,5,13,0,-1.0
69,6,40,3,3.0
69,7,20,2,-1.0
69,8,10,1,-1.0
69,9,5,0,-1.0
69,10,16,4,4.0
69,11,8,3,-1.0
69,12,4,2,-1.0
69,13,2,1,-1.0
69,14,1,0,-1.0
70,0,70,1,
70,1,35,0,-1.0
70,2,106,1,1.0
70,3,53,0,-1.0
70,4,160,5,5.0
70,5,80,4,-1.0
70,6,40,3,-1.0
70,7,20,2,-1.0
70,8,10,1,-1.0
70,9,5,0,-1.0
70,10,16,4,4.0
70,11,8,3,-1.0
70,12,4,2,-1.0
70,13,2,1,-1.0
70,14,1,0,-1.0
71,0,71,0,
71,1,214,1,1.0
71,2,107,0,-1.0
71,3,322,1,1.0
71,4,161,0,-1.0
71,5,484,2,2.0
71,6,242,1,-1.0
71,7,121,0,-1.0
71,8,364,2,2.0
71,9,182,1,-1.0
71,10,91,0,-1.0
71,11,274,1,1.0
71,12,137,0,-1.0
71,13,412,2,2.0
71,14,206,1,-1.0
71,15,103,0,-1.0
71,16,310,1,1.0
71,17,155,0,-1.0
71,18,466,1,1.0
71,19,233,0,-1.0
71,20,700,2,2.0
71,21,350,1,-1.0
71,22,175,0,-1.0
71,23,526,1,1.0
71,24,263,0,-1.0
71,25,790,1,1.0
71,26,395,0,-1.0
71,27,1186,1,1.0
71,28,593,0,-1.0
71,29,1780,2,2.0
71,30,890,1,-1.0
71,31,445,0,-1.0
71,32,1336,3,3.0
71,33,668,2,-1.0
71,34,334,1,-1.0
71,35,167,0,-1.0
71,36,502,1,1.0
71,37,251,0,-1.0
71,38,754,1,1.0
71,39,377,0,-1.0
71,40,1132,2,2.0
71,41,566,1,-1.0
71,42,283,0,-1.0
71,43,850,1,1.0
71,44,425,0,-1.0
71,45,1276,2,2.0
71,46,638,1,-1.0
71,47,319,0,-1.0
71,48,958,1,1.0
71,49,479,0,-1.0
71,50,1438,1,1.0
71,51,719,0,-1.0
71,52,2158,1,1.0
71,53,1079,0,-1.0
71,54,3238,1,1.0
71,55,1619,0,-1.0
71,56,4858,1,1.0
71,57,2429,0,-1.0
71,58,7288,3,3.0
71,59,3644,2,-1.0
71,60,1822,1,-1.0
71,61,911,0,-1.0
71,62,2734,1,1.0
71,63,1367,0,-1.0
71,64,4102,1,1.0
71,65,2051,0,-1.0
71,66,6154,1,1.0
71,67,3077,0,-1.0
71,68,9232,4,4.0
71,69,4616,3,-1.0
71,70,2308,2,-1.0
71,71,1154,1,-1.0
71,72,577,0,-1.0
71,73,1732,2,2.0
71,74,866,1,-1.0
71,75,433,0,-1.0
71,76,1300,2,2.0
71,77,650,1,-1.0
71,78,325,0,-1.0
71,79,976,4,4.0
71,80,488,3,-1.0
71,81,244,2,-1.0
71,82,122,1,-1.0
71,83,61,0,-1.0
71,84,184,3,3.0
71,85,92,2,-1.0
71,86,46,1,-1.0
71,87,23,0,-1.0
71,88,70,1,1.0
71,89,35,0,-1.0
71,90,106,1,1.0
71,91,53,0,-1.0
71,92,160,5,5.0
71,93,80,4,-1.0
71,94,40,3,-1.0
71,95,20,2,-1.0
71,96,10,1,-1.0
71,97,5,0,-1.0
71,98,16,4,4.0
71,99,8,3,-1.0
71,100,4,2,-1.0
71,101,2,1,-1.0
71,102,1,0,-1.0
72,0,72,3,
72,1,36,2,-1.0
72,2,18,1,-1.0
72,3,9,0,-1.0
72,4,28,2,2.0
72,5,14,1,-1.0
72,6,7,0,-1.0
72,7,22,1,1.0
72,8,11,0,-1.0
72,9,34,1,1.0
72,10,17,0,-1.0
72,11,52,2,2.0
72,12,26,1,-1.0
72,13,13,0,-1.0
72,14,40,3,3.0
72,15,20,2,-1.0
72,16,10,1,-1.0
72,17,5,0,-1.0
72,18,16,4,4.0
72,19,8,3,-1.0
72,20,4,2,-1.0
72,21,2,1,-1.0
72,22,1,0,-1.0
73,0,73,0,
73,1,220,2,2.0
73,2,110,1,-1.0
73,3,55,0,-1.0
73,4,166,1,1.0
73,5,83,0,-1.0
73,6,250,1,1.0
73,7,125,0,-1.0
73,8,376,3,3.0
73,9,188,2,-1.0
73,10,94,1,-1.0
73,11,47,0,-1.0
73,12,142,1,1.0
73,13,71,0,-1.0
73,14,214,1,1.0
73,15,107,0,-1.0
73,16,322,1,1.0
73,17,161,0,-1.0
73,18,484,2,2.0
73,19,242,1,-1.0
73,20,121,0,-1.0
73,21,364,2,2.0
73,22,182,1,-1.0
73,23,91,0,-1.0
73,24,274,1,1.0
73,25,137,0,-1.0
73,26,412,2,2.0
73,27,206,1,-1.0
73,28,103,0,-1.0
73,29,310,1,1.0
73,30,155,0,-1.0
73,31,466,1,1.0
73,32,233,0,-1.0
73,33,700,2,2.0
73,34,350,1,-1.0
73,35,175,0,-1.0
73,36,526,1,1.0
73,37,263,0,-1.0
73,38,790,1,1.0
73,39,395,0,-1.0
73,40,1186,1,1.0
73,41,593,0,-1.0
73,42,1780,2,2.0
73,43,890,1,-1.0
73,44,445,0,-1.0
73,45,1336,3,3.0
73,46,668,2,-1.0
73,47,334,1,-1.0
73,48,167,0,-1.0
73,49,502,1,1.0
73,50,251,0,-1.0
73,51,754,1,1.0
73,52,377,0,-1.0
73,53,1132,2,2.0
73,54,566,1,-1.0
73,55,283,0,-1.0
73,56,850,1,1.0
73,57,425,0,-1.0
73,58,1276,2,2.0
73,59,638,1,-1.0
73,60,319,0,-1.0
73,61,958,1,1.0
73,62,479,0,-1.0
73,63,1438,1,1.0
73,64,719,0,-1.0
73,65,2158,1,1.0
73,66,1079,0,-1.0
73,67,3238,1,1.0
73,68,1619,0,-1.0
73,69,4858,1,1.0
73,70,2429,0,-1.0
73,71,7288,3,3.0
73,72,3644,2,-1.0
73,73,1822,1,-1.0
73,74,911,0,-1.0
73,75,2734,1,1.0
73,76,1367,0,-1.0
73,77,4102,1,1.0
73,78,2051,0,-1.0
73,79,6154,1,1.0
73,80,3077,0,-1.0
73,81,9232,4,4.0
73,82,4616,3,-1.0
73,83,2308,2,-1.0
73,84,1154,1,-1.0
73,85,577,0,-1.0
73,86,1732,2,2.0
73,87,866,1,-1.0
73,88,433,0,-1.0
73,89,1300,2,2.0
73,90,650,1,-1.0
73,91,325,0,-1.0
73,92,976,4,4.0
73,93,488,3,-1.0
73,94,244,2,-1.0
73,95,122,1,-1.0
73,96,61,0,-1.0
73,97,184,3,3.0
73,98,92,2,-1.0
73,99,46,1,-1.0
73,100,23,0,-1.0
73,101,70,1,1.0
73,102,35,0,-1.0
73,103,106,1,1.0
73,104,53,0,-1.0
73,105,160,5,5.0
73,106,80,4,-1.0
73,107,40,3,-1.0
73,108,20,2,-1.0
73,109,10,1,-1.0
73,110,5,0,-1.0
73,111,16,4,4.0
73,112,8,3,-1.0
73,113,4,2,-1.0
73,114,2,1,-1.0
73,115,1,0,-1.0
74,0,74,1,
74,1,37,0,-1.0
74,2,112,4,4.0
74,3,56,3,-1.0
74,4,28,2,-1.0
74,5,14,1,-1.0
74,6,7,0,-1.0
74,7,22,1,1.0
74,8,11,0,-1.0
74,9,34,1,1.0
74,10,17,0,-1.0
74,11,52,2,2.0
74,12,26,1,-1.0
74,13,13,0,-1.0
74,14,40,3,3.0
74,15,20,2,-1.0
74,16,10,1,-1.0
74,17,5,0,-1.0
74,18,16,4,4.0
74,19,8,3,-1.0
74,20,4,2,-1.0
74,21,2,1,-1.0
74,22,1,0,-1.0
75,0,75,0,
75,1,226,1,1.0
75,2,113,0,-1.0
75,3,340,2,2.0
75,4,170,1,-1.0
75,5,85,0,-1.0
75,6,256,8,8.0
75,7,128,7,-1.0
75,8,64,6,-1.0
75,9,32,5,-1.0
75,10,16,4,-1.0
75,11,8,3,-1.0
75,12,4,2,-1.0
75,13,2,1,-1.0
75,14,1,0,-1.0
76,0,76,2,
76,1,38,1,-1.0
76,2,19,0,-1.0
76,3,58,1,1.0
76,4,29,0,-1.0
76,5,88,3,3.0
76,6,44,2,-1.0
76,7,22,1,-1.0
76,8,11,0,-1.0
76,9,34,1,1.0
76,10,17,0,-1.0
76,11,52,2,2.0
76,12,26,1,-1.0
76,13,13,0,-1.0
76,14,40,3,3.0
76,15,20,2,-1.0
76,16,10,1,-1.0
76,17,5,0,-1.0
76,18,16,4,4.0
76,19,8,3,-1.0
76,20,4,2,-1.0
76,21,2,1,-1.0
76,22,1,0,-1.0
77,0,77,0,
77,1,232,3,3.0
77,2,116,2,-1.0
77,3,58,1,-1.0
77,4,29,0,-1.0
77,5,88,3,3.0
77,6,44,2,-1.0
77,7,22,1,-1.0
77,8,11,0,-1.0
77,9,34,1,1.0
77,10,17,0,-1.0
77,11,52,2,2.0
77,12,26,1,-1.0
77,13,13,0,-1.0
77,14,40,3,3.0
77,15,20,2,-1.0
77,16,10,1,-1.0
77,17,5,0,-1.0
77,18,16,4,4.0
77,19,8,3,-1.0
77,20,4,2,-1.0
77,21,2,1,-1.0
77,22,1,0,-1.0
78,0,78,1,
78,1,39,0,-1.0
78,2,118,1,1.0
78,3,59,0,-1.0
78,4,178,1,1.0
78,5,89,0,-1.0
78,6,268,2,2.0
78,7,134,1,-1.0
78,8,67,0,-1.0
78,9,202,1,1.0
78,10,101,0,-1.0
78,11,304,4,4.0
78,12,152,3,-1.0
78,13,76,2,-1.0
78,14,38,1,-1.0
78,15,19,0,-1.0
78,16,58,1,1.0
78,17,29,0,-1.0
78,18,88,3,3.0
78,19,44,2,-1.0
78,20,22,1,-1.0
78,21,11,0,-1.0
78,22,34,1,1.0
78,23,17,0,-1.0
78,24,52,2,2.0
78,25,26,1,-1.0
78,26,13,0,-1.0
78,27,40,3,3.0
78,28,20,2,-1.0
78,29,10,1,-1.0
78,30,5,0,-1.0
78,31,16,4,4.0
78,32,8,3,-1.0
78,33,4,2,-1.0
78,34,2,1,-1.0
78,35,1,0,-1.0
79,0,79,0,
79,1,238,1,1.0
79,2,119,0,-1.0
79,3,358,1,1.0
79,4,179,0,-1.0
79,5,538,1,1.0
79,6,269,0,-1.0
79,7,808,3,3.0
79,8,404,2,-1.0
79,9,202,1,-1.0
79,10,101,0,-1.0
79,11,304,4,4.0
79,12,152,3,-1.0
79,13,76,2,-1.0
79,14,38,1,-1.0
79,15,19,0,-1.0
79,16,58,1,1.0
79,17,29,0,-1.0
79,18,88,3,3.0
79,19,44,2,-1.0
79,20,22,1,-1.0
79,21,11,0,-1.0
79,22,34,1,1.0
79,23,17,0,-1.0
79,24,52,2,2.0
79,25,26,1,-1.0
79,26,13,0,-1.0
79,27,40,3,3.0
79,28,20,2,-1.0
79,29,10,1,-1.0
79,30,5,0,-1.0
79,31,16,4,4.0
79,32,8,3,-1.0
79,33,4,2,-1.0
79,34,2,1,-1.0
79,35,1,0,-1.0
80,0,80,4,
80,1,40,3,-1.0
80,2,20,2,-1.0
80,3,10,1,-1.0
80,4,5,0,-1.0
80,5,16,4,4.0
80,6,8,3,-1.0
80,7,4,2,-1.0
80,8,2,1,-1.0
80,9,1,0,-1.0
81,0,81,0,
81,1,244,2,2.0
81,2,122,1,-1.0
81,3,61,0,-1.0
81,4,184,3,3.0
81,5,92,2,-1.0
81,6,46,1,-1.0
81,7,23,0,-1.0
81,8,70,1,1.0
81,9,35,0,-1.0
81,10,106,1,1.0
81,11,53,0,-1.0
81,12,160,5,5.0
81,13,80,4,-1.0
81,14,40,3,-1.0
81,15,20,2,-1.0
81,16,10,1,-1.0
81,17,5,0,-1.0
81,18,16,4,4.0
81,19,8,3,-1.0
81,20,4,2,-1.0
81,21,2,1,-1.0
81,22,1,0,-1.0
82,0,82,1,
82,1,41,0,-1.0
82,2,124,2,2.0
82,3,62,1,-1.0
82,4,31,0,-1.0
82,5,94,1,1.0
82,6,47,0,-1.0
82,7,142,1,1.0
82,8,71,0,-1.0
82,9,214,1,1.0
82,10,107,0,-1.0
82,11,322,1,1.0
82,12,161,0,-1.0
82,13,484,2,2.0
82,14,242,1,-1.0
82,15,121,0,-1.0
82,16,364,2,2.0
82,17,182,1,-1.0
82,18,91,0,-1.0
82,19,274,1,1.0
82,20,137,0,-1.0
82,21,412,2,2.0
82,22,206,1,-1.0
82,23,103,0,-1.0
82,24,310,1,1.0
82,25,155,0,-1.0
82,26,466,1,1.0
82,27,233,0,-1.0
82,28,700,2,2.0
82,29,350,1,-1.0
82,30,175,0,-1.0
82,31,526,1,1.0
82,32,263,0,-1.0
82,33,790,1,1.0
82,34,395,0,-1.0
82,35,1186,1,1.0
82,36,593,0,-1.0
82,37,1780,2,2.0
82,38,890,1,-1.0
82,39,445,0,-1.0
82,40,1336,3,3.0
82,41,668,2,-1.0
82,42,334,1,-1.0
82,43,167,0,-1.0
82,44,502,1,1.0
82,45,251,0,-1.0
82,46,754,1,1.0
82,47,377,0,-1.0
82,48,1132,2,2.0
82,49,566,1,-1.0
82,50,283,0,-1.0
82,51,850,1,1.0
82,52,425,0,-1.0
82,53,1276,2,2.0
82,54,638,1,-1.0
82,55,319,0,-1.0
82,56,958,1,1.0
82,57,479,0,-1.0
82,58,1438,1,1.0
82,59,719,0,-1.0
82,60,2158,1,1.0
82,61,1079,0,-1.0
82,62,3238,1,1.0
82,63,1619,0,-1.0
82,64,4858,1,1.0
82,65,2429,0,-1.0
82,66,7288,3,3.0
82,67,3644,2,-1.0
82,68,1822,1,-1.0
82,69,911,0,-1.0
82,70,2734,1,1.0
82,71,1367,0,-1.0
82,72,4102,1,1.0
82,73,2051,0,-1.0
82,74,6154,1,1.0
82,75,3077,0,-1.0
82,76,9232,4,4.0
82,77,4616,3,-1.0
82,78,2308,2,-1.0
82,79,1154,1,-1.0
82,80,577,0,-1.0
82,81,1732,2,2.0
82,82,866,1,-1.0
82,83,433,0,-1.0
82,84,1300,2,2.0
82,85,650,1,-1.0
82,86,325,0,-1.0
82,87,976,4,4.0
82,88,488,3,-1.0
82,89,244,2,-1.0
82,90,122,1,-1.0
82,91,61,0,-1.0
82,92,184,3,3.0
82,93,92,2,-1.0
82,94,46,1,-1.0
82,95,23,0,-1.0
82,96,70,1,1.0
82,97,35,0,-1.0
82,98,106,1,1.0
82,99,53,0,-1.0
82,100,160,5,5.0
82,101,80,4,-1.0
82,102,40,3,-1.0
82,103,20,2,-1.0
82,104,10,1,-1.0
82,105,5,0,-1.0
82,106,16,4,4.0
82,107,8,3,-1.0
82,108,4,2,-1.0
82,109,2,1,-1.0
82,110,1,0,-1.0
83,0,83,0,
83,1,250,1,1.0
83,2,125,0,-1.0
83,3,376,3,3.0
83,4,188,2,-1.0
83,5,94,1,-1.0
83,6,47,0,-1.0
83,7,142,1,1.0
83,8,71,0,-1.0
83,9,214,1,1.0
83,10,107,0,-1.0
83,11,322,1,1.0
83,12,161,0,-1.0
83,13,484,2,2.0
83,14,242,1,-1.0
83,15,121,0,-1.0
83,16,364,2,2.0
83,17,182,1,-1.0
83,18,91,0,-1.0
83,19,274,1,1.0
83,20,137,0,-1.0
83,21,412,2,2.0
83,22,206,1,-1.0
83,23,103,0,-1.0
83,24,310,1,1.0
83,25,155,0,-1.0
83,26,466,1,1.0
83,27,233,0,-1.0
83,28,700,2,2.0
83,29,350,1,-1.0
83,30,175,0,-1.0
83,31,526,1,1.0
83,32,263,0,-1.0
83,33,790,1,1.0
83,34,395,0,-1.0
83,35,1186,1,1.0
83,36,593,0,-1.0
83,37,1780,2,2.0
83,38,890,1,-1.0
83,39,445,0,-1.0
83,40,1336,3,3.0
83,41,668,2,-1.0
83,42,334,1,-1.0
83,43,167,0,-1.0
83,44,502,1,1.0
83,45,251,0,-1.0
83,46,754,1,1.0
83,47,377,0,-1.0
83,48,1132,2,2.0
83,49,566,1,-1.0
83,50,283,0,-1.0
83,51,850,1,1.0
83,52,425,0,-1.0
83,53,1276,2,2.0
83,54,638,1,-1.0
83,55,319,0,-1.0
83,56,958,1,1.0
83,57,479,0,-1.0
83,58,1438,1,1.0
83,59,719,0,-1.0
83,60,2158,1,1.0
83,61,1079,0,-1.0
83,62,3238,1,1.0
83,63,1619,0,-1.0
83,64,4858,1,1.0
83,65,2429,0,-1.0
83,66,7288,3,3.0
83,67,3644,2,-1.0
83,68,1822,1,-1.0
83,69,911,0,-1.0
83,70,2734,1,1.0
83,71,1367,0,-1.0
83,72,4102,1,1.0
83,73,2051,0,-1.0
83,74,6154,1,1.0
83,75,3077,0,-1.0
83,76,9232,4,4.0
83,77,4616,3,-1.0
83,78,2308,2,-1.0
83,79,1154,1,-1.0
83,80,577,0,-1.0
83,81,1732,2,2.0
83,82,866,1,-1.0
83,83,433,0,-1.0
83,84,1300,2,2.0
83,85,650,1,-1.0
83,86,325,0,-1.0
83,87,976,4,4.0
83,88,488,3,-1.0
83,89,244,2,-1.0
83,90,122,1,-1.0
83,91,61,0,-1.0
83,92,184,3,3.0
83,93,92,2,-1.0
83,94,46,1,-1.0
83,95,23,0,-1.0
83,96,70,1,1.0
83,97,35,0,-1.0
83,98,106,1,1.0
83,99,53,0,-1.0
83,100,160,5,5.0
83,101,80,4,-1.0
83,102,40,3,-1.0
83,103,20,2,-1.0
83,104,10,1,-1.0
83,105,5,0,-1.0
83,106,16,4,4.0
83,107,8,3,-1.0
83,108,4,2,-1.0
83,109,2,1,-1.0
83,110,1,0,-1.0
84,0,84,2,
84,1,42,1,-1.0
84,2,21,0,-1.0
84,3,64,6,6.0
84,4,32,5,-1.0
84,5,16,4,-1.0
84,6,8,3,-1.0
84,7,4,2,-1.0
84,8,2,1,-1.0
84,9,1,0,-1.0
85,0,85,0,
85,1,256,8,8.0
85,2,128,7,-1.0
85,3,64,6,-1.0
85,4,32,5,-1.0
85,5,16,4,-1.0
85,6,8,3,-1.0
85,7,4,2,-1.0
85,8,2,1,-1.0
85,9,1,0,-1.0
86,0,86,1,
86,1,43,0,-1.0
86,2,130,1,1.0
86,3,65,0,-1.0
86,4,196,2,2.0
86,5,98,1,-1.0
86,6,49,0,-1.0
86,7,148,2,2.0
86,8,74,1,-1.0
86,9,37,0,-1.0
86,10,112,4,4.0
86,11,56,3,-1.0
86,12,28,2,-1.0
86,13,14,1,-1.0
86,14,7,0,-1.0
86,15,22,1,1.0
86,16,11,0,-1.0
86,17,34,1,1.0
86,18,17,0,-1.0
86,19,52,2,2.0
86,20,26,1,-1.0
86,21,13,0,-1.0
86,22,40,3,3.0
86,23,20,2,-1.0
86,24,10,1,-1.0
86,25,5,0,-1.0
86,26,16,4,4.0
86,27,8,3,-1.0
86,28,4,2,-1.0
86,29,2,1,-1.0
86,30,1,0,-1.0
87,0,87,0,
87,1,262,1,1.0
87,2,131,0,-1.0
87,3,394,1,1.0
87,4,197,0,-1.0
87,5,592,4,4.0
87,6,296,3,-1.0
87,7,148,2,-1.0
87,8,74,1,-1.0
87,9,37,0,-1.0
87,10,112,4,4.0
87,11,56,3,-1.0
87,12,28,2,-1.0
87,13,14,1,-1.0
87,14,7,0,-1.0
87,15,22,1,1.0
87,16,11,0,-1.0
87,17,34,1,1.0
87,18,17,0,-1.0
87,19,52,2,2.0
87,20,26,1,-1.0
87,21,13,0,-1.0
87,22,40,3,3.0
87,23,20,2,-1.0
87,24,10,1,-1.0
87,25,5,0,-1.0
87,26,16,4,4.0
87,27,8,3,-1.0
87,28,4,2,-1.0
87,29,2,1,-1.0
87,30,1,0,-1.0
88,0,88,3,
88,1,44,2,-1.0
88,2,22,1,-1.0
88,3,11,0,-1.0
88,4,34,1,1.0
88,5,17,0,-1.0
88,6,52,2,2.0
88,7,26,1,-1.0
88,8,13,0,-1.0
88,9,40,3,3.0
88,10,20,2,-1.0
88,11,10,1,-1.0
88,12,5,0,-1.0
88,13,16,4,4.0
88,14,8,3,-1.0
88,15,4,2,-1.0
88,16,2,1,-1.0
88,17,1,0,-1.0
89,0,89,0,
89,1,268,2,2.0
89,2,134,1,-1.0
89,3,67,0,-1.0
89,4,202,1,1.0
89,5,101,0,-1.0
89,6,304,4,4.0
89,7,152,3,-1.0
89,8,76,2,-1.0
89,9,38,1,-1.0
89,10,19,0,-1.0
89,11,58,1,1.0
89,12,29,0,-1.0
89,13,88,3,3.0
89,14,44,2,-1.0
89,15,22,1,-1.0
89,16,11,0,-1.0
89,17,34,1,1.0
89,18,17,0,-1.0
89,19,52,2,2.0
89,20,26,1,-1.0
89,21,13,0,-1.0
89,22,40,3,3.0
89,23,20,2,-1.0
89,24,10,1,-1.0
89,25,5,0,-1.0
89,26,16,4,4.0
89,27,8,3,-1.0
89,28,4,2,-1.0
89,29,2,1,-1.0
89,30,1,0,-1.0
90,0,90,1,
90,1,45,0,-1.0
90,2,136,3,3.0
90,3,68,2,-1.0
90,4,34,1,-1.0
90,5,17,0,-1.0
90,6,52,2,2.0
90,7,26,1,-1.0
90,8,13,0,-1.0
90,9,40,3,3.0
90,10,20,2,-1.0
90,11,10,1,-1.0
90,12,5,0,-1.0
90,13,16,4,4.0
90,14,8,3,-1.0
90,15,4,2,-1.0
90,16,2,1,-1.0
90,17,1,0,-1.0
91,0,91,0,
91,1,274,1,1.0
91,2,137,0,-1.0
91,3,412,2,2.0
91,4,206,1,-1.0
91,5,103,0,-1.0
91,6,310,1,1.0
91,7,155,0,-1.0
91,8,466,1,1.0
91,9,233,0,-1.0
91,10,700,2,2.0
91,11,350,1,-1.0
91,12,175,0,-1.0
91,13,526,1,1.0
91,14,263,0,-1.0
91,15,790,1,1.0
91,16,395,0,-1.0
91,17,1186,1,1.0
91,18,593,0,-1.0
91,19,1780,2,2.0
91,20,890,1,-1.0
91,21,445,0,-1.0
91,22,1336,3,3.0
91,23,668,2,-1.0
91,24,334,1,-1.0
91,25,167,0,-1.0
91,26,502,1,1.0
91,27,251,0,-1.0
91,28,754,1,1.0
91,29,377,0,-1.0
91,30,1132,2,2.0
91,31,566,1,-1.0
91,32,283,0,-1.0
91,33,850,1,1.0
91,34,425,0,-1.0
91,35,1276,2,2.0
91,36,638,1,-1.0
91,37,319,0,-1.0
91,38,958,1,1.0
91,39,479,0,-1.0
91,40,1438,1,1.0
91,41,719,0,-1.0
91,42,2158,1,1.0
91,43,1079,0,-1.0
91,44,3238,1,1.0
91,45,1619,0,-1.0
91,46,4858,1,1.0
91,47,2429,0,-1.0
91,48,7288,3,3.0
91,49,3644,2,-1.0
91,50,1822,1,-1.0
91,51,911,0,-1.0
91,52,2734,1,1.0
91,53,1367,0,-1.0
91,54,4102,1,1.0
91,55,2051,0,-1.0
91,56,6154,1,1.0
91,57,3077,0,-1.0
91,58,9232,4,4.0
91,59,4616,3,-1.0
91,60,2308,2,-1.0
91,61,1154,1,-1.0
91,62,577,0,-1.0
91,63,1732,2,2.0
91,64,866,1,-1.0
91,65,433,0,-1.0
91,66,1300,2,2.0
91,67,650,1,-1.0
91,68,325,0,-1.0
91,69,976,4,4.0
91,70,488,3,-1.0
91,71,244,2,-1.0
91,72,122,1,-1.0
91,73,61,0,-1.0
91,74,184,3,3.0
91,75,92,2,-1.0
91,76,46,1,-1.0
91,77,23,0,-1.0
91,78,70,1,1.0
91,79,35,0,-1.0
91,80,106,1,1.0
91,81,53,0,-1.0
91,82,160,5,5.0
91,83,80,4,-1.0
91,84,40,3,-1.0
91,85,20,2,-1.0
91,86,10,1,-1.0
91,87,5,0,-1.0
91,88,16,4,4.0
91,89,8,3,-1.0
91,90,4,2,-1.0
91,91,2,1,-1.0
91,92,1,0,-1.0
92,0,92,2,
92,1,46,1,-1.0
92,2,23,0,-1.0
92,3,70,1,1.0
92,4,35,0,-1.0
92,5,106,1,1.0
92,6,53,0,-1.0
92,7,160,5,5.0
92,8,80,4,-1.0
92,9,40,3,-1.0
92,10,20,2,-1.0
92,11,10,1,-1.0
92,12,5,0,-1.0
92,13,16,4,4.0
92,14,8,3,-1.0
92,15,4,2,-1.0
92,16,2,1,-1.0
92,17,1,0,-1.0
93,0,93,0,
93,1,280,3,3.0
93,2,140,2,-1.0
93,3,70,1,-1.0
93,4,35,0,-1.0
93,5,106,1,1.0
93,6,53,0,-1.0
93,7,160,5,5.0
93,8,80,4,-1.0
93,9,40,3,-1.0
93,10,20,2,-1.0
93,11,10,1,-1.0
93,12,5,0,-1.0
93,13,16,4,4.0
93,14,8,3,-1.0
93,15,4,2,-1.0
93,16,2,1,-1.0
93,17,1,0,-1.0
94,0,94,1,
94,1,47,0,-1.0
94,2,142,1,1.0
94,3,71,0,-1.0
94,4,214,1,1.0
94,5,107,0,-1.0
94,6,322,1,1.0
94,7,161,0,-1.0
94,8,484,2,2.0
94,9,242,1,-1.0
94,10,121,0,-1.0
94,11,364,2,2.0
94,12,182,1,-1.0
94,13,91,0,-1.0
94,14,274,1,1.0
94,15,137,0,-1.0
94,16,412,2,2.0
94,17,206,1,-1.0
94,18,103,0,-1.0
94,19,310,1,1.0
94,20,155,0,-1.0
94,21,466,1,1.0
94,22,233,0,-1.0
94,23,700,2,2.0
94,24,350,1,-1.0
94,25,175,0,-1.0
94,26,526,1,1.0
94,27,263,0,-1.0
94,28,790,1,1.0
94,29,395,0,-1.0
94,30,1186,1,1.0
94,31,593,0,-1.0
94,32,1780,2,2.0
94,33,890,1,-1.0
94,34,445,0,-1.0
94,35,1336,3,3.0
94,36,668,2,-1.0
94,37,334,1,-1.0
94,38,167,0,-1.0
94,39,502,1,1.0
94,40,251,0,-1.0
94,41,754,1,1.0
94,42,377,0,-1.0
94,43,1132,2,2.0
94,44,566,1,-1.0
94,45,283,0,-1.0
94,46,850,1,1.0
94,47,425,0,-1.0
94,48,1276,2,2.0
94,49,638,1,-1.0
94,50,319,0,-1.0
94,51,958,1,1.0
94,52,479,0,-1.0
94,53,1438,1,1.0
94,54,719,0,-1.0
94,55,2158,1,1.0
94,56,1079,0,-1.0
94,57,3238,1,1.0
94,58,1619,0,-1.0
94,59,4858,1,1.0
94,60,2429,0,-1.0
94,61,7288,3,3.0
94,62,3644,2,-1.0
94,63,1822,1,-1.0
94,64,911,0,-1.0
94,65,2734,1,1.0
94,66,1367,0,-1.0
94,67,4102,1,1.0
94,68,2051,0,-1.0
94,69,6154,1,1.0
94,70,3077,0,-1.0
94,71,9232,4,4.0
94,72,4616,3,-1.0
94,73,2308,2,-1.0
94,74,1154,1,-1.0
94,75,577,0,-1.0
94,76,1732,2,2.0
94,77,866,1,-1.0
94,78,433,0,-1.0
94,79,1300,2,2.0
94,80,650,1,-1.0
94,81,325,0,-1.0
94,82,976,4,4.0
94,83,488,3,-1.0
94,84,244,2,-1.0
94,85,122,1,-1.0
94,86,61,0,-1.0
94,87,184,3,3.0
94,88,92,2,-1.0
94,89,46,1,-1.0
94,90,23,0,-1.0
94,91,70,1,1.0
94,92,35,0,-1.0
94,93,106,1,1.0
94,94,53,0,-1.0
94,95,160,5,5.0
94,96,80,4,-1.0
94,97,40,3,-1.0
94,98,20,2,-1.0
94,99,10,1,-1.0
94,100,5,0,-1.0
94,101,16,4,4.0
94,102,8,3,-1.0
94,103,4,2,-1.0
94,104,2,1,-1.0
94,105,1,0,-1.0
95,0,95,0,
95,1,286,1,1.0
95,2,143,0,-1.0
95,3,430,1,1.0
95,4,215,0,-1.0
95,5,646,1,1.0
95,6,323,0,-1.0
95,7,970,1,1.0
95,8,485,0,-1.0
95,9,1456,4,4.0
95,10,728,3,-1.0
95,11,364,2,-1.0
95,12,182,1,-1.0
95,13,91,0,-1.0
95,14,274,1,1.0
95,15,137,0,-1.0
95,16,412,2,2.0
95,17,206,1,-1.0
95,18,103,0,-1.0
95,19,310,1,1.0
95,20,155,0,-1.0
95,21,466,1,1.0
95,22,233,0,-1.0
95,23,700,2,2.0
95,24,350,1,-1.0
95,25,175,0,-1.0
95,26,526,1,1.0
95,27,263,0,-1.0
95,28,790,1,1.0
95,29,395,0,-1.0
95,30,1186,1,1.0
95,31,593,0,-1.0
95,32,1780,2,2.0
95,33,890,1,-1.0
95,34,445,0,-1.0
95,35,1336,3,3.0
95,36,668,2,-1.0
95,37,334,1,-1.0
95,38,167,0,-1.0
95,39,502,1,1.0
95,40,251,0,-1.0
95,41,754,1,1.0
95,42,377,0,-1.0
95,43,1132,2,2.0
95,44,566,1,-1.0
95,45,283,0,-1.0
95,46,850,1,1.0
95,47,425,0,-1.0
95,48,1276,2,2.0
95,49,638,1,-1.0
95,50,319,0,-1.0
95,51,958,1,1.0
95,52,479,0,-1.0
95,53,1438,1,1.0
95,54,719,0,-1.0
95,55,2158,1,1.0
95,56,1079,0,-1.0
95,57,3238,1,1.0
95,58,1619,0,-1.0
95,59,4858,1,1.0
95,60,2429,0,-1.0
95,61,7288,3,3.0
95,62,3644,2,-1.0
95,63,1822,1,-1.0
95,64,911,0,-1.0
95,65,2734,1,1.0
95,66,1367,0,-1.0
95,67,4102,1,1.0
95,68,2051,0,-1.0
95,69,6154,1,1.0
95,70,3077,0,-1.0
95,71,9232,4,4.0
95,72,4616,3,-1.0
95,73,2308,2,-1.0
95,74,1154,1,-1.0
95,75,577,0,-1.0
95,76,1732,2,2.0
95,77,866,1,-1.0
95,78,433,0,-1.0
95,79,1300,2,2.0
95,80,650,1,-1.0
95,81,325,0,-1.0
95,82,976,4,4.0
95,83,488,3,-1.0
95,84,244,2,-1.0
95,85,122,1,-1.0
95,86,61,0,-1.0
95,87,184,3,3.0
95,88,92,2,-1.0
95,89,46,1,-1.0
95,90,23,0,-1.0
95,91,70,1,1.0
95,92,35,0,-1.0
95,93,106,1,1.0
95,94,53,0,-1.0
95,95,160,5,5.0
95,96,80,4,-1.0
95,97,40,3,-1.0
95,98,20,2,-1.0
95,99,10,1,-1.0
95,100,5,0,-1.0
95,101,16,4,4.0
95,102,8,3,-1.0
95,103,4,2,-1.0
95,104,2,1,-1.0
95,105,1,0,-1.0
96,0,96,5,
96,1,48,4,-1.0
96,2,24,3,-1.0
96,3,12,2,-1.0
96,4,6,1,-1.0
96,5,3,0,-1.0
96,6,10,1,1.0
96,7,5,0,-1.0
96,8,16,4,4.0
96,9,8,3,-1.0
96,10,4,2,-1.0
96,11,2,1,-1.0
96,12,1,0,-1.0
97,0,97,0,
97,1,292,2,2.0
97,2,146,1,-1.0
97,3,73,0,-1.0
97,4,220,2,2.0
97,5,110,1,-1.0
97,6,55,0,-1.0
97,7,166,1,1.0
97,8,83,0,-1.0
97,9,250,1,1.0
97,10,125,0,-1.0
97,11,376,3,3.0
97,12,188,2,-1.0
97,13,94,1,-1.0
97,14,47,0,-1.0
97,15,142,1,1.0
97,16,71,0,-1.0
97,17,214,1,1.0
97,18,107,0,-1.0
97,19,322,1,1.0
97,20,161,0,-1.0
97,21,484,2,2.0
97,22,242,1,-1.0
97,23,121,0,-1.0
97,24,364,2,2.0
97,25,182,1,-1.0
97,26,91,0,-1.0
97,27,274,1,1.0
97,28,137,0,-1.0
97,29,412,2,2.0
97,30,206,1,-1.0
97,31,103,0,-1.0
97,32,310,1,1.0
97,33,155,0,-1.0
97,34,466,1,1.0
97,35,233,0,-1.0
97,36,700,2,2.0
97,37,350,1,-1.0
97,38,175,0,-1.0
97,39,526,1,1.0
97,40,263,0,-1.0
97,41,790,1,1.0
97,42,395,0,-1.0
97,43,1186,1,1.0
97,44,593,0,-1.0
97,45,1780,2,2.0
97,46,890,1,-1.0
97,47,445,0,-1.0
97,48,1336,3,3.0
97,49,668,2,-1.0
97,50,334,1,-1.0
97,51,167,0,-1.0
97,52,502,1,1.0
97,53,251,0,-1.0
97,54,754,1,1.0
97,55,377,0,-1.0
97,56,1132,2,2.0
97,57,566,1,-1.0
97,58,283,0,-1.0
97,59,850,1,1.0
97,60,425,0,-1.0
97,61,1276,2,2.0
97,62,638,1,-1.0
97,63,319,0,-1.0
97,64,958,1,1.0
97,65,479,0,-1.0
97,66,1438,1,1.0
97,67,719,0,-1.0
97,68,2158,1,1.0
97,69,1079,0,-1.0
97,70,3238,1,1.0
97,71,1619,0,-1.0
97,72,4858,1,1.0
97,73,2429,0,-1.0
97,74,7288,3,3.0
97,75,3644,2,-1.0
97,76,1822,1,-1.0
97,77,911,0,-1.0
97,78,2734,1,1.0
97,79,1367,0,-1.0
97,80,4102,1,1.0
97,81,2051,0,-1.0
97,82,6154,1,1.0
97,83,3077,0,-1.0
97,84,9232,4,4.0
97,85,4616,3,-1.0
97,86,2308,2,-1.0
97,87,1154,1,-1.0
97,88,577,0,-1.0
97,89,1732,2,2.0
97,90,866,1,-1.0
97,91,433,0,-1.0
97,92,1300,2,2.0
97,93,650,1,-1.0
97,94,325,0,-1.0
97,95,976,4,4.0
97,96,488,3,-1.0
97,97,244,2,-1.0
97,98,122,1,-1.0
97,99,61,0,-1.0
97,100,184,3,3.0
97,101,92,2,-1.0
97,102,46,1,-1.0
97,103,23,0,-1.0
97,104,70,1,1.0
97,105,35,0,-1.0
97,106,106,1,1.0
97,107,53,0,-1.0
97,108,160,5,5.0
97,109,80,4,-1.0
97,110,40,3,-1.0
97,111,20,2,-1.0
97,112,10,1,-1.0
97,113,5,0,-1.0
97,114,16,4,4.0
97,115,8,3,-1.0
97,116,4,2,-1.0
97,117,2,1,-1.0
97,118,1,0,-1.0
98,0,98,1,
98,1,49,0,-1.0
98,2,148,2,2.0
98,3,74,1,-1.0
98,4,37,0,-1.0
98,5,112,4,4.0
98,6,56,3,-1.0
98,7,28,2,-1.0
98,8,14,1,-1.0
98,9,7,0,-1.0
98,10,22,1,1.0
98,11,11,0,-1.0
98,12,34,1,1.0
98,13,17,0,-1.0
98,14,52,2,2.0
98,15,26,1,-1.0
98,16,13,0,-1.0
98,17,40,3,3.0
98,18,20,2,-1.0
98,19,10,1,-1.0
98,20,5,0,-1.0
98,21,16,4,4.0
98,22,8,3,-1.0
98,23,4,2,-1.0
98,24,2,1,-1.0
98,25,1,0,-1.0
99,0,99,0,
99,1,298,1,1.0
99,2,149,0,-1.0
99,3,448,6,6.0
99,4,224,5,-1.0
99,5,112,4,-1.0
99,6,56,3,-1.0
99,7,28,2,-1.0
99,8,14,1,-1.0
99,9,7,0,-1.0
99,10,22,1,1.0
99,11,11,0,-1.0
99,12,34,1,1.0
99,13,17,0,-1.0
99,14,52,2,2.0
99,15,26,1,-1.0
99,16,13,0,-1.0
99,17,40,3,3.0
99,18,20,2,-1.0
99,19,10,1,-1.0
99,20,5,0,-1.0
99,21,16,4,4.0
99,22,8,3,-1.0
99,23,4,2,-1.0
99,24,2,1,-1.0
99,25,1,0,-1.0
100,0,100,2,
100,1,50,1,-1.0
100,2,25,0,-1.0
100,3,76,2,2.0
100,4,38,1,-1.0
100,5,19,0,-1.0
100,6,58,1,1.0
100,7,29,0,-1.0
100,8,88,3,3.0
100,9,44,2,-1.0
100,10,22,1,-1.0
100,11,11,0,-1.0
100,12,34,1,1.0
100,13,17,0,-1.0
100,14,52,2,2.0
100,15,26,1,-1.0
100,16,13,0,-1.0
100,17,40,3,3.0
100,18,20,2,-1.0
100,19,10,1,-1.0
100,20,5,0,-1.0
100,21,16,4,4.0
100,22,8,3,-1.0
100,23,4,2,-1.0
100,24,2,1,-1.0
100,25,1,0,-1.0
